Source,Target,Type,Id,Label,Weight,edge-type
M1,4618,Undirected,1,,1,
M1,4528,Undirected,2,,1,
M1,4733,Undirected,3,,1,
M1,4742,Undirected,4,,1,
M1,4598.5,Undirected,5,,1,
M2,4741,Undirected,6,,1,
M3,5554,Undirected,11,,1,
M3,4583,Undirected,12,,1,
M4,4732,Undirected,13,,1,
M4,4731,Undirected,14,,1,
M4,4623,Undirected,15,,1,
M4,4660,Undirected,16,,1,
M4,4597,Undirected,17,,1,
M4,4595,Undirected,18,,1,
M4,4582,Undirected,19,,1,
M4,4675,Undirected,20,,1,
M4,1184,Undirected,21,,1,
M4,4758,Undirected,22,,1,
M4,4753,Undirected,23,,1,
M4,333,Undirected,24,,1,
M4,362,Undirected,25,,1,
M4,4592,Undirected,26,,1,
M4,4699,Undirected,27,,1,
M4,4569,Undirected,28,,1,
M4,4587,Undirected,29,,1,
M4,4588,Undirected,30,,1,
M4,4572,Undirected,31,,1,
M4,4577,Undirected,32,,1,
M4,4656,Undirected,33,,1,
M4,4560,Undirected,34,,1,
M4,4737,Undirected,35,,1,
M4,4663,Undirected,36,,1,
M4,4767,Undirected,37,,1,
M4,4762,Undirected,38,,1,
M4,4634,Undirected,39,,1,
M4,1507,Undirected,40,,1,
M4,4768,Undirected,41,,1,
M4,5554,Undirected,42,,1,
M4,74,Undirected,43,,1,
M4,82,Undirected,44,,1,
M4,85,Undirected,45,,1,
M4,84,Undirected,46,,1,
M4,83,Undirected,47,,1,
M4,2950,Undirected,48,,1,
M4,3721,Undirected,49,,1,
M4,6852,Undirected,50,,1,
M4,4614,Undirected,51,,1,
M4,6086,Undirected,52,,1,
M4,4773,Undirected,53,,1,
M4,4594,Undirected,54,,1,
M4,4532,Undirected,55,,1,
M4,4772,Undirected,56,,1,
M4,4652,Undirected,57,,1,
M4,4565,Undirected,58,,1,
M4,4530,Undirected,59,,1,
M4,4756,Undirected,60,,1,
M4,4771,Undirected,61,,1,
M4,4653,Undirected,62,,1,
M4,5339,Undirected,63,,1,
M4,4752,Undirected,64,,1,
M4,4647,Undirected,65,,1,
M4,4749,Undirected,66,,1,
M4,4745,Undirected,67,,1,
M4,4688,Undirected,68,,1,
M4,4707,Undirected,69,,1,
M4,4574,Undirected,70,,1,
M4,4620,Undirected,71,,1,
M4,4576,Undirected,72,,1,
M4,4659,Undirected,73,,1,
M4,4703,Undirected,74,,1,
M4,4742,Undirected,75,,1,
M5,4265,Undirected,76,,1,
M6,4543,Undirected,77,,1,
M7,4732,Undirected,78,,1,
M7,4731,Undirected,79,,1,
M7,4704,Undirected,80,,1,
M7,1301,Undirected,81,,1,
M7,3048,Undirected,82,,1,
M7,787,Undirected,83,,1,
M8,3721,Undirected,84,,1,
M8,6852,Undirected,85,,1,
M8,4614,Undirected,86,,1,
M8,6086,Undirected,87,,1,
M8,4773,Undirected,88,,1,
M8,4593,Undirected,89,,1,
M8,4532,Undirected,90,,1,
M8,238,Undirected,91,,1,
M8,4772,Undirected,92,,1,
M8,4651,Undirected,93,,1,
M8,4652,Undirected,94,,1,
M8,4571,Undirected,95,,1,
M8,4565,Undirected,96,,1,
M8,4530,Undirected,97,,1,
M8,4756,Undirected,98,,1,
M8,4771,Undirected,99,,1,
M8,4653,Undirected,100,,1,
M8,4728,Undirected,101,,1,
M8,4740,Undirected,102,,1,
M8,4573,Undirected,103,,1,
M8,4609,Undirected,104,,1,
M8,4662,Undirected,105,,1,
M8,4742,Undirected,106,,1,
M8,4590,Undirected,107,,1,
M8,4579,Undirected,108,,1,
M8,4549,Undirected,109,,1,
M8,4704,Undirected,110,,1,
M8,1301,Undirected,111,,1,
M8,3048,Undirected,112,,1,
M8,5334,Undirected,113,,1,
M8,4702,Undirected,114,,1,
M8,4536,Undirected,115,,1,
M8,4603,Undirected,116,,1,
M8,4697,Undirected,117,,1,
M8,3127,Undirected,118,,1,
M8,4746,Undirected,119,,1,
M8,4752,Undirected,120,,1,
M8,5339,Undirected,121,,1,
M8,133,Undirected,122,,1,
M8,4754,Undirected,123,,1,
M8,4567,Undirected,124,,1,
M8,4584,Undirected,125,,1,
M8,4535,Undirected,126,,1,
M8,4543,Undirected,127,,1,
M8,4545,Undirected,128,,1,
M8,5554,Undirected,129,,1,
M8,74,Undirected,130,,1,
M8,82,Undirected,131,,1,
M8,85,Undirected,132,,1,
M8,84,Undirected,133,,1,
M8,83,Undirected,134,,1,
M8,4534,Undirected,135,,1,
M8,4647,Undirected,136,,1,
M8,4749,Undirected,137,,1,
M8,4745,Undirected,138,,1,
M8,4763,Undirected,139,,1,
M8,4658,Undirected,140,,1,
M8,4688,Undirected,141,,1,
M8,4707,Undirected,142,,1,
M8,4574,Undirected,143,,1,
M8,4620,Undirected,144,,1,
M8,4576,Undirected,145,,1,
M8,3410,Undirected,146,,1,
M8,4741,Undirected,147,,1,
M8,4659,Undirected,148,,1,
M8,4703,Undirected,149,,1,
M8,4547,Undirected,150,,1,
M8,4605,Undirected,151,,1,
M8,5338,Undirected,152,,1,
M8,4719,Undirected,153,,1,
M8,4732,Undirected,154,,1,
M8,4731,Undirected,155,,1,
M8,5451,Undirected,156,,1,
M8,4623,Undirected,157,,1,
M8,4582,Undirected,158,,1,
M8,4675,Undirected,159,,1,
M8,1184,Undirected,160,,1,
M8,4758,Undirected,161,,1,
M8,4767,Undirected,162,,1,
M8,4537,Undirected,163,,1,
M8,4762,Undirected,164,,1,
M8,4634,Undirected,165,,1,
M8,1507,Undirected,166,,1,
M8,4611,Undirected,167,,1,
M8,2978,Undirected,168,,1,
M8,4373,Undirected,169,,1,
M8,4768,Undirected,170,,1,
M9,4699,Undirected,171,,1,
M9,4569,Undirected,172,,1,
M9,4587,Undirected,173,,1,
M9,4577,Undirected,174,,1,
M9,4572,Undirected,175,,1,
M9,4742,Undirected,176,,1,
M9,4590,Undirected,177,,1,
M9,4579,Undirected,178,,1,
M9,4560,Undirected,179,,1,
M9,4737,Undirected,180,,1,
M9,4663,Undirected,181,,1,
M9,4767,Undirected,182,,1,
M9,4762,Undirected,183,,1,
M9,3721,Undirected,184,,1,
M9,6852,Undirected,185,,1,
M9,4614,Undirected,186,,1,
M9,6086,Undirected,187,,1,
M9,4773,Undirected,188,,1,
M9,4594,Undirected,189,,1,
M9,4532,Undirected,190,,1,
M10,1301,Undirected,191,,1,
M10,3048,Undirected,192,,1,
M10,4704,Undirected,193,,1,
M10,787,Undirected,194,,1,
M10,5809,Undirected,195,,1,
M10,2978,Undirected,196,,1,
M10,4373,Undirected,197,,1,
M10,4702,Undirected,198,,1,
M10,4536,Undirected,199,,1,
M10,4603,Undirected,200,,1,
M10,4584,Undirected,201,,1,
M10,4535,Undirected,202,,1,
M10,4543,Undirected,203,,1,
M11,4540,Undirected,204,,1,
M11,4737,Undirected,205,,1,
M11,4663,Undirected,206,,1,
M11,4767,Undirected,207,,1,
M11,4762,Undirected,208,,1,
M11,4634,Undirected,209,,1,
M11,1507,Undirected,210,,1,
M11,4537,Undirected,211,,1,
M11,463,Undirected,212,,1,
M11,3721,Undirected,213,,1,
M11,6852,Undirected,214,,1,
M11,6086,Undirected,215,,1,
M11,4614,Undirected,216,,1,
M11,4773,Undirected,217,,1,
M11,4593,Undirected,218,,1,
M11,4532,Undirected,219,,1,
M11,4772,Undirected,220,,1,
M11,4651,Undirected,221,,1,
M11,4652,Undirected,222,,1,
M11,4571,Undirected,223,,1,
M11,4565,Undirected,224,,1,
M11,4530,Undirected,225,,1,
M11,4756,Undirected,226,,1,
M11,4771,Undirected,227,,1,
M11,4653,Undirected,228,,1,
M11,4728,Undirected,229,,1,
M11,4740,Undirected,230,,1,
M11,4573,Undirected,231,,1,
M11,4609,Undirected,232,,1,
M11,4662,Undirected,233,,1,
M11,4742,Undirected,234,,1,
M11,4590,Undirected,235,,1,
M11,4579,Undirected,236,,1,
M11,4549,Undirected,237,,1,
M11,1301,Undirected,238,,1,
M11,3048,Undirected,239,,1,
M11,4704,Undirected,240,,1,
M11,787,Undirected,241,,1,
M11,5809,Undirected,242,,1,
M11,5554,Undirected,243,,1,
M11,2978,Undirected,244,,1,
M11,4373,Undirected,245,,1,
M11,4702,Undirected,246,,1,
M11,4536,Undirected,247,,1,
M11,4603,Undirected,248,,1,
M11,4697,Undirected,249,,1,
M11,3127,Undirected,250,,1,
M11,4746,Undirected,251,,1,
M11,4752,Undirected,252,,1,
M11,5339,Undirected,253,,1,
M11,133,Undirected,254,,1,
M11,4754,Undirected,255,,1,
M11,4584,Undirected,257,,1,
M11,4535,Undirected,258,,1,
M11,4543,Undirected,259,,1,
M11,4545,Undirected,260,,1,
M11,74,Undirected,261,,1,
M11,82,Undirected,262,,1,
M11,85,Undirected,263,,1,
M11,84,Undirected,264,,1,
M11,83,Undirected,265,,1,
M11,2950,Undirected,266,,1,
M11,4534,Undirected,267,,1,
M11,4647,Undirected,268,,1,
M11,4749,Undirected,269,,1,
M11,4745,Undirected,270,,1,
M11,4763,Undirected,271,,1,
M11,4658,Undirected,272,,1,
M11,4688,Undirected,273,,1,
M11,4707,Undirected,274,,1,
M11,4178,Undirected,275,,1,
M11,4574,Undirected,276,,1,
M11,4620,Undirected,277,,1,
M11,4576,Undirected,278,,1,
M11,4816,Undirected,279,,1,
M11,3410,Undirected,280,,1,
M11,4741,Undirected,281,,1,
M11,4659,Undirected,282,,1,
M11,4615,Undirected,283,,1,
M11,4703,Undirected,284,,1,
M11,4547,Undirected,285,,1,
M11,4605,Undirected,286,,1,
M11,5338,Undirected,287,,1,
M11,4719,Undirected,288,,1,
M11,4732,Undirected,289,,1,
M11,4731,Undirected,290,,1,
M11,5451,Undirected,291,,1,
M11,4598,Undirected,292,,1,
M11,4623,Undirected,293,,1,
M11,4660,Undirected,294,,1,
M11,4597,Undirected,295,,1,
M11,4595,Undirected,296,,1,
M11,4582,Undirected,297,,1,
M11,4675,Undirected,298,,1,
M11,1184,Undirected,299,,1,
M11,4758,Undirected,300,,1,
M11,4753,Undirected,301,,1,
M11,333,Undirected,302,,1,
M11,362,Undirected,303,,1,
M11,4661,Undirected,304,,1,
M11,4592,Undirected,305,,1,
M11,4655,Undirected,306,,1,
M11,4699,Undirected,307,,1,
M11,4569,Undirected,308,,1,
M11,4587,Undirected,309,,1,
M11,4588,Undirected,310,,1,
M11,4572,Undirected,311,,1,
M11,4577,Undirected,312,,1,
M11,4656,Undirected,313,,1,
M11,4768,Undirected,314,,1,
M12,6345,Undirected,315,,1,
M12,6380,Undirected,316,,1,
M12,4633,Undirected,317,,1,
M12,4662,Undirected,318,,1,
M12,4373,Undirected,319,,1,
M12,5879,Undirected,320,,1,
M12,3048,Undirected,322,,1,
M12,5334,Undirected,323,,1,
M12,3127,Undirected,324,,1,
M13,787,Undirected,325,,1,
M13,6345,Undirected,326,,1,
M13,376,Undirected,327,,1,
M13,4196,Undirected,328,,1,
M13,83,Undirected,329,,1,
M13,3721,Undirected,330,,1,
M13,6852,Undirected,331,,1,
M13,4614,Undirected,332,,1,
M13,6086,Undirected,333,,1,
M13,4773,Undirected,334,,1,
M13,4593,Undirected,335,,1,
M13,4532,Undirected,336,,1,
M13,4772,Undirected,337,,1,
M13,4651,Undirected,338,,1,
M13,4652,Undirected,339,,1,
M13,4571,Undirected,340,,1,
M13,957,Undirected,341,,1,
M13,4565,Undirected,342,,1,
M13,4530,Undirected,343,,1,
M13,4756,Undirected,344,,1,
M13,4771,Undirected,345,,1,
M13,4653,Undirected,346,,1,
M13,4728,Undirected,347,,1,
M13,4740,Undirected,348,,1,
M13,4573,Undirected,349,,1,
M13,4609,Undirected,350,,1,
M13,4662,Undirected,351,,2,
M13,4579,Undirected,352,,1,
M13,4549,Undirected,353,,1,
M13,4704,Undirected,354,,1,
M13,1301,Undirected,355,,1,
M13,3048,Undirected,356,,1,
M13,5334,Undirected,357,,1,
M13,4702,Undirected,358,,1,
M13,4536,Undirected,359,,1,
M13,4603,Undirected,360,,1,
M13,4697,Undirected,361,,1,
M13,3127,Undirected,362,,1,
M13,4746,Undirected,363,,1,
M13,4752,Undirected,364,,1,
M13,4584,Undirected,365,,1,
M13,4535,Undirected,366,,1,
M13,5554,Undirected,367,,1,
M13,4566,Undirected,368,,1,
M13,4658,Undirected,369,,1,
M13,4576,Undirected,370,,1,
M13,4816,Undirected,371,,1,
M13,4605,Undirected,372,,1,
M13,3410,Undirected,373,,1,
M13,4732,Undirected,374,,1,
M13,4731,Undirected,375,,1,
M13,5451,Undirected,376,,1,
M13,4595,Undirected,377,,1,
M13,4582,Undirected,378,,1,
M13,4675,Undirected,379,,1,
M13,5339,Undirected,380,,1,
M13,133,Undirected,381,,1,
M13,5338,Undirected,382,,1,
M13,4543,Undirected,383,,2,
M13,4754,Undirected,384,,1,
M13,4703,Undirected,385,,1,
M13,4547,Undirected,386,,1,
M13,4634,Undirected,387,,1,
M13,4647,Undirected,388,,1,
M13,4749,Undirected,389,,1,
M13,4745,Undirected,390,,1,
M13,4737,Undirected,391,,1,
M13,4540,Undirected,392,,1,
M13,4545,Undirected,395,,1,
M13,4534,Undirected,396,,1,
M13,4688,Undirected,397,,1,
M13,4928,Undirected,398,,1,
M13,4620,Undirected,399,,1,
M13,4528,Undirected,400,,2,
M13,4583,Undirected,401,,1,
M13,4659,Undirected,402,,1,
M13,4615,Undirected,403,,1,
M13,4719,Undirected,404,,1,
M13,4623,Undirected,405,,1,
M13,4660,Undirected,406,,1,
M13,4597,Undirected,407,,1,
M13,4592,Undirected,408,,1,
M13,4587,Undirected,409,,1,
M13,4569,Undirected,410,,1,
M13,4588,Undirected,411,,1,
M13,4574,Undirected,412,,1,
M13,4572,Undirected,413,,1,
M13,4656,Undirected,414,,1,
M13,4663,Undirected,415,,1,
M13,4767,Undirected,416,,1,
M13,4762,Undirected,417,,1,
M13,6380,Undirected,418,,1,
M13,6853,Undirected,419,,1,
M13,5278,Undirected,420,,1,
M13,1507,Undirected,421,,1,
M13,4768,Undirected,422,,1,
M13,4567,Undirected,423,,1,
M13,4742,Undirected,424,,1,
M13,4590,Undirected,425,,1,
M13,82,Undirected,426,,1,
M13,4763,Undirected,427,,1,
M13,4661,Undirected,429,,1,
M13,4699,Undirected,430,,1,
M13,4577,Undirected,431,,1,
M13,85,Undirected,432,,1,
M13,84,Undirected,433,,1,
M13,4598,Undirected,434,,1,
M13,4598.5,Undirected,435,,1,
M13,1184,Undirected,436,,1,
M13,4758,Undirected,437,,1,
M13,4753,Undirected,438,,1,
M13,4527,Undirected,439,,1,
M13,333,Undirected,440,,1,
M13,362,Undirected,441,,1,
M13,4561,Undirected,442,,1,
M13,115,Undirected,443,,1,
M13,4764,Undirected,444,,1,
M13,4633,Undirected,445,,1,
M13,2978,Undirected,446,,1,
M13,4373,Undirected,447,,1,
M14,6380,Undirected,448,,1,
M14,376,Undirected,449,,1,
M15,5451,Undirected,450,,1,
M16,4609,Undirected,451,,1,
M17,5339,Undirected,452,,1,
M17,5554,Undirected,453,,1,
M18,4567,Undirected,454,,1,
M18,4584,Undirected,455,,1,
M19,3721,Undirected,456,,1,
M19,6852,Undirected,457,,1,
M19,6086,Undirected,458,,1,
M19,4614,Undirected,459,,1,
M19,4773,Undirected,460,,1,
M19,4593,Undirected,461,,1,
M19,4532,Undirected,462,,1,
M19,4772,Undirected,463,,1,
M19,4651,Undirected,464,,1,
M19,4652,Undirected,465,,1,
M19,4571,Undirected,466,,1,
M19,4565,Undirected,467,,1,
M19,4530,Undirected,468,,1,
M19,4756,Undirected,469,,1,
M19,4771,Undirected,470,,1,
M19,4653,Undirected,471,,1,
M19,4728,Undirected,472,,1,
M19,4740,Undirected,473,,1,
M19,4573,Undirected,474,,1,
M19,4609,Undirected,475,,1,
M19,4662,Undirected,476,,1,
M19,4742,Undirected,477,,1,
M19,4590,Undirected,478,,1,
M19,4579,Undirected,479,,1,
M19,4549,Undirected,480,,1,
M19,4704,Undirected,481,,1,
M19,1301,Undirected,482,,1,
M19,3048,Undirected,483,,1,
M19,5334,Undirected,484,,1,
M19,4702,Undirected,485,,1,
M19,4536,Undirected,486,,1,
M19,4603,Undirected,487,,1,
M19,4697,Undirected,488,,1,
M19,3127,Undirected,489,,1,
M19,4746,Undirected,490,,1,
M19,4752,Undirected,491,,1,
M19,5339,Undirected,492,,1,
M19,133,Undirected,493,,1,
M19,4754,Undirected,494,,1,
M19,4567,Undirected,495,,1,
M19,4584,Undirected,496,,1,
M19,4535,Undirected,497,,1,
M19,4545,Undirected,498,,1,
M19,5554,Undirected,499,,1,
M19,82,Undirected,500,,1,
M19,85,Undirected,501,,1,
M19,84,Undirected,502,,1,
M19,83,Undirected,503,,1,
M19,2950,Undirected,504,,1,
M19,4534,Undirected,505,,1,
M19,4647,Undirected,506,,1,
M19,4749,Undirected,507,,1,
M19,4745,Undirected,508,,1,
M19,4763,Undirected,509,,1,
M19,4658,Undirected,510,,1,
M19,4688,Undirected,511,,1,
M19,4707,Undirected,512,,1,
M19,4574,Undirected,513,,1,
M19,4620,Undirected,514,,1,
M19,4576,Undirected,515,,1,
M19,3410,Undirected,516,,1,
M19,4741,Undirected,517,,1,
M19,4659,Undirected,518,,1,
M19,4703,Undirected,519,,1,
M19,4547,Undirected,520,,1,
M19,4605,Undirected,521,,1,
M19,5338,Undirected,522,,1,
M19,4719,Undirected,523,,1,
M19,4732,Undirected,524,,1,
M19,4731,Undirected,525,,1,
M19,5451,Undirected,526,,1,
M20,4740,Undirected,527,,1,
M20,4528,Undirected,528,,1,
M20,4586,Undirected,529,,1,
M20,4592,Undirected,530,,1,
M20,6380,Undirected,531,,1,
M21,4634,Undirected,532,,1,
M21,1507,Undirected,533,,1,
M22,5451,Undirected,534,,1,
M23,5451,Undirected,535,,1,
M24,5451,Undirected,536,,1,
M25,4593,Undirected,537,,1,
M25,4773,Undirected,538,,1,
M26,4623,Undirected,539,,1,
M26,4592,Undirected,540,,1,
M27,4634,Undirected,541,,1,
M27,1507,Undirected,542,,1,
M27,4768,Undirected,543,,1,
M27,5554,Undirected,544,,1,
M27,74,Undirected,545,,1,
M27,82,Undirected,546,,1,
M27,85,Undirected,547,,1,
M27,84,Undirected,548,,1,
M27,83,Undirected,549,,1,
M27,2950,Undirected,550,,1,
M27,4572,Undirected,551,,1,
M28,3721,Undirected,552,,1,
M28,6852,Undirected,553,,1,
M28,6086,Undirected,554,,1,
M28,4614,Undirected,555,,1,
M28,4773,Undirected,556,,1,
M28,4593,Undirected,557,,1,
M28,4532,Undirected,558,,1,
M28,4772,Undirected,559,,1,
M28,4651,Undirected,560,,1,
M28,4652,Undirected,561,,1,
M28,4571,Undirected,562,,1,
M28,4565,Undirected,563,,1,
M28,4530,Undirected,564,,1,
M28,4756,Undirected,565,,1,
M28,4771,Undirected,566,,1,
M28,4653,Undirected,567,,1,
M28,4728,Undirected,568,,1,
M28,4740,Undirected,569,,1,
M28,4573,Undirected,570,,1,
M28,4609,Undirected,571,,1,
M28,4742,Undirected,572,,1,
M28,4590,Undirected,573,,1,
M28,4579,Undirected,574,,1,
M28,4549,Undirected,575,,1,
M28,4704,Undirected,576,,1,
M28,1301,Undirected,577,,1,
M28,3048,Undirected,578,,1,
M28,5334,Undirected,579,,1,
M28,4702,Undirected,580,,1,
M28,4536,Undirected,581,,1,
M28,4603,Undirected,582,,1,
M28,4697,Undirected,583,,1,
M28,3127,Undirected,584,,1,
M28,4746,Undirected,585,,1,
M28,4752,Undirected,586,,1,
M28,5339,Undirected,587,,1,
M28,133,Undirected,588,,1,
M28,5338,Undirected,589,,1,
M28,4754,Undirected,590,,1,
M28,4567,Undirected,591,,1,
M28,4584,Undirected,592,,1,
M28,4535,Undirected,593,,1,
M28,4543,Undirected,594,,1,
M28,4545,Undirected,595,,1,
M28,4647,Undirected,596,,1,
M28,4749,Undirected,597,,1,
M28,4745,Undirected,598,,1,
M28,4688,Undirected,599,,1,
M28,4707,Undirected,600,,1,
M28,4574,Undirected,601,,1,
M28,4620,Undirected,602,,1,
M28,4576,Undirected,603,,1,
M28,4816,Undirected,604,,1,
M28,4659,Undirected,605,,1,
M28,4615,Undirected,606,,1,
M28,4703,Undirected,607,,1,
M28,4547,Undirected,608,,1,
M28,4605,Undirected,609,,1,
M28,4719,Undirected,610,,1,
M28,4655,Undirected,611,,1,
M28,4623,Undirected,612,,1,
M28,4660,Undirected,613,,1,
M28,4597,Undirected,614,,1,
M28,4595,Undirected,615,,1,
M28,4582,Undirected,616,,1,
M28,4731,Undirected,617,,1,
M28,4675,Undirected,618,,1,
M28,1184,Undirected,619,,1,
M28,4758,Undirected,620,,1,
M28,4753,Undirected,621,,1,
M28,4527,Undirected,622,,2,
M28,333,Undirected,623,,1,
M28,362,Undirected,624,,1,
M28,4661,Undirected,625,,1,
M28,4592,Undirected,626,,1,
M28,4699,Undirected,627,,1,
M28,4569,Undirected,628,,1,
M28,4587,Undirected,629,,1,
M28,4588,Undirected,630,,1,
M28,4572,Undirected,631,,1,
M28,4577,Undirected,632,,1,
M28,4656,Undirected,633,,1,
M28,4618,Undirected,634,,1,
M28,4540,Undirected,635,,1,
M28,4561,Undirected,636,,1,
M28,4737,Undirected,637,,1,
M28,4663,Undirected,638,,1,
M28,4767,Undirected,639,,1,
M28,4537,Undirected,640,,1,
M28,4762,Undirected,641,,1,
M28,4634,Undirected,642,,1,
M28,1507,Undirected,643,,1,
M28,4768,Undirected,644,,1,
M28,4586,Undirected,645,,1,
M28,4764,Undirected,646,,1,
M28,4617,Undirected,648,,1,
M28,4598,Undirected,649,,1,
M28,5451,Undirected,650,,1,
M28,4589,Undirected,651,,1,
M28,4611,Undirected,652,,1,
M28,74,Undirected,653,,1,
M28,82,Undirected,654,,1,
M28,85,Undirected,655,,1,
M28,84,Undirected,656,,1,
M28,5554,Undirected,657,,1,
M29,4816,Undirected,658,,1,
M29,4652,Undirected,659,,1,
M30,787,Undirected,660,,1,
M31,6345,Undirected,661,,1,
M32,6345,Undirected,662,,1,
M32,376,Undirected,663,,1,
M32,4196,Undirected,664,,1,
M32,4178,Undirected,665,,1,
M32,938,Undirected,666,,1,
M32,3721,Undirected,668,,1,
M32,4540,Undirected,669,,1,
M32,4737,Undirected,670,,1,
M32,4663,Undirected,671,,1,
M32,4767,Undirected,672,,1,
M32,4762,Undirected,673,,1,
M32,1507,Undirected,675,,1,
M32,6852,Undirected,676,,1,
M32,6086,Undirected,677,,1,
M32,4614,Undirected,678,,1,
M32,4773,Undirected,679,,1,
M32,4593,Undirected,680,,1,
M32,4532,Undirected,681,,1,
M32,4772,Undirected,682,,1,
M32,4651,Undirected,683,,1,
M32,4652,Undirected,684,,1,
M32,4571,Undirected,685,,1,
M32,4565,Undirected,686,,1,
M32,4530,Undirected,687,,1,
M32,4756,Undirected,688,,1,
M32,4771,Undirected,689,,1,
M32,4653,Undirected,690,,1,
M32,4728,Undirected,691,,1,
M32,4740,Undirected,692,,1,
M32,4609,Undirected,693,,1,
M32,4662,Undirected,694,,1,
M32,4742,Undirected,695,,1,
M32,4579,Undirected,696,,1,
M32,4549,Undirected,697,,1,
M32,4704,Undirected,698,,1,
M32,3048,Undirected,700,,1,
M32,5334,Undirected,701,,1,
M32,4702,Undirected,702,,1,
M32,4536,Undirected,703,,1,
M32,4603,Undirected,704,,1,
M32,4697,Undirected,705,,1,
M32,3127,Undirected,706,,1,
M32,4746,Undirected,707,,1,
M32,4752,Undirected,708,,1,
M32,5339,Undirected,709,,1,
M32,133,Undirected,710,,1,
M32,5338,Undirected,711,,1,
M32,4754,Undirected,712,,1,
M32,4584,Undirected,713,,1,
M32,4527,Undirected,714,,1,
M32,4535,Undirected,715,,1,
M32,4543,Undirected,716,,1,
M32,4750,Undirected,717,,1,
M32,4545,Undirected,718,,1,
M32,4585,Undirected,719,,1,
M32,4566,Undirected,720,,1,
M32,4534,Undirected,721,,1,
M32,4647,Undirected,723,,1,
M32,4749,Undirected,724,,1,
M32,4745,Undirected,725,,1,
M32,4763,Undirected,726,,1,
M32,4733,Undirected,727,,1,
M32,4658,Undirected,728,,1,
M32,4688,Undirected,729,,1,
M32,4707,Undirected,730,,1,
M32,4574,Undirected,731,,1,
M32,4620,Undirected,732,,1,
M32,4576,Undirected,733,,1,
M32,4816,Undirected,734,,1,
M32,3410,Undirected,735,,1,
M32,4655,Undirected,736,,1,
M32,4583,Undirected,737,,1,
M32,4741,Undirected,738,,1,
M32,4659,Undirected,739,,1,
M32,4615,Undirected,740,,1,
M32,4703,Undirected,741,,1,
M32,4547,Undirected,742,,1,
M32,4605,Undirected,743,,1,
M32,4586,Undirected,744,,1,
M32,4719,Undirected,745,,1,
M32,4732,Undirected,746,,1,
M32,4731,Undirected,747,,1,
M32,5451,Undirected,748,,1,
M32,4623,Undirected,749,,1,
M32,4660,Undirected,750,,1,
M32,4597,Undirected,751,,1,
M33,6852,Undirected,752,,1,
M33,6086,Undirected,753,,1,
M33,4614,Undirected,754,,1,
M33,4773,Undirected,755,,1,
M33,4593,Undirected,756,,1,
M33,4532,Undirected,757,,1,
M33,4772,Undirected,758,,1,
M33,4651,Undirected,759,,1,
M33,4652,Undirected,760,,1,
M33,4571,Undirected,761,,1,
M33,4565,Undirected,762,,1,
M33,4530,Undirected,763,,1,
M33,4756,Undirected,764,,1,
M33,4771,Undirected,765,,1,
M33,4653,Undirected,766,,1,
M33,4728,Undirected,767,,1,
M33,4740,Undirected,768,,1,
M33,4609,Undirected,769,,1,
M33,4742,Undirected,770,,1,
M33,4590,Undirected,771,,1,
M33,4579,Undirected,772,,1,
M33,4549,Undirected,773,,1,
M33,4704,Undirected,774,,1,
M33,4702,Undirected,775,,1,
M33,4536,Undirected,776,,1,
M33,4603,Undirected,777,,1,
M33,4697,Undirected,778,,1,
M33,4752,Undirected,779,,1,
M33,5339,Undirected,780,,2,
M33,133,Undirected,781,,1,
M33,5338,Undirected,782,,1,
M33,4584,Undirected,783,,1,
M33,4535,Undirected,784,,1,
M33,4543,Undirected,785,,1,
M33,4545,Undirected,786,,1,
M33,4534,Undirected,787,,1,
M33,4647,Undirected,788,,1,
M33,4749,Undirected,789,,1,
M33,4745,Undirected,790,,1,
M33,4688,Undirected,791,,1,
M33,4707,Undirected,792,,1,
M33,5451,Undirected,793,,1,
M33,4675,Undirected,794,,1,
M33,4758,Undirected,795,,1,
M33,4765,Undirected,796,,1,
M33,333,Undirected,798,,1,
M33,362,Undirected,799,,1,
M33,4592,Undirected,800,,1,
M33,4661,Undirected,801,,1,
M33,4699,Undirected,802,,1,
M33,4569,Undirected,803,,1,
M33,4587,Undirected,804,,1,
M33,4588,Undirected,805,,1,
M33,4572,Undirected,806,,1,
M33,4577,Undirected,807,,1,
M33,4656,Undirected,808,,1,
M33,4618,Undirected,809,,1,
M33,4540,Undirected,810,,1,
M33,4737,Undirected,811,,1,
M33,4663,Undirected,812,,1,
M33,4767,Undirected,813,,1,
M33,4762,Undirected,814,,1,
M33,4634,Undirected,815,,1,
M33,1507,Undirected,816,,1,
M33,4768,Undirected,817,,1,
M33,4764,Undirected,818,,1,
M33,5262,Undirected,819,,1,
M33,5261,Undirected,820,,1,
M33,5264,Undirected,821,,1,
M33,5263,Undirected,822,,1,
M33,5329,Undirected,823,,1,
M33,1301,Undirected,825,,1,
M33,3048,Undirected,826,,1,
M33,5334,Undirected,827,,1,
M33,3127,Undirected,828,,1,
M34,4532,Undirected,830,,1,
M34,4772,Undirected,831,,1,
M34,4651,Undirected,832,,1,
M34,4652,Undirected,833,,1,
M34,4571,Undirected,834,,1,
M34,4565,Undirected,835,,1,
M34,4530,Undirected,836,,1,
M34,4756,Undirected,837,,1,
M34,4771,Undirected,838,,1,
M34,4653,Undirected,839,,1,
M34,4728,Undirected,840,,1,
M34,4740,Undirected,841,,1,
M34,4573,Undirected,842,,1,
M34,4609,Undirected,843,,1,
M34,4662,Undirected,844,,1,
M34,4742,Undirected,845,,1,
M34,4590,Undirected,846,,1,
M34,4579,Undirected,847,,1,
M34,4549,Undirected,848,,1,
M34,3048,Undirected,849,,1,
M34,787,Undirected,850,,1,
M34,5809,Undirected,851,,1,
M34,2978,Undirected,852,,1,
M34,4373,Undirected,853,,1,
M34,4702,Undirected,854,,1,
M34,4536,Undirected,855,,1,
M34,4603,Undirected,856,,1,
M34,4697,Undirected,857,,1,
M34,3127,Undirected,858,,1,
M34,4746,Undirected,859,,1,
M34,4752,Undirected,860,,1,
M34,5339,Undirected,861,,1,
M34,133,Undirected,862,,1,
M34,4754,Undirected,863,,1,
M34,4567,Undirected,864,,1,
M34,4584,Undirected,865,,1,
M34,4535,Undirected,866,,1,
M34,4543,Undirected,867,,1,
M34,4545,Undirected,868,,1,
M34,5554,Undirected,869,,1,
M34,74,Undirected,870,,1,
M34,82,Undirected,871,,1,
M34,85,Undirected,872,,1,
M34,83,Undirected,873,,1,
M34,2950,Undirected,874,,1,
M34,4534,Undirected,875,,1,
M34,4647,Undirected,876,,1,
M34,4749,Undirected,877,,1,
M34,4688,Undirected,878,,1,
M34,4707,Undirected,879,,1,
M34,4574,Undirected,880,,1,
M34,4620,Undirected,881,,1,
M34,4576,Undirected,882,,1,
M34,4816,Undirected,883,,1,
M34,3410,Undirected,884,,1,
M34,4741,Undirected,885,,1,
M34,4659,Undirected,886,,1,
M34,4703,Undirected,887,,1,
M34,5338,Undirected,888,,1,
M34,4719,Undirected,889,,1,
M34,4732,Undirected,890,,1,
M34,4731,Undirected,891,,1,
M34,5451,Undirected,892,,1,
M34,4623,Undirected,893,,1,
M34,4597,Undirected,894,,1,
M34,4660,Undirected,895,,1,
M34,4595,Undirected,896,,1,
M34,4582,Undirected,897,,1,
M34,4675,Undirected,898,,1,
M34,1184,Undirected,899,,1,
M34,4758,Undirected,900,,1,
M34,4753,Undirected,901,,1,
M34,333,Undirected,902,,1,
M34,362,Undirected,903,,1,
M34,4661,Undirected,904,,1,
M34,4699,Undirected,905,,1,
M34,4569,Undirected,906,,1,
M34,4587,Undirected,907,,1,
M34,4577,Undirected,908,,1,
M34,4656,Undirected,909,,1,
M34,4540,Undirected,910,,1,
M34,4737,Undirected,911,,1,
M35,4699,Undirected,913,,1,
M35,4647,Undirected,918,,1,
M35,4534,Undirected,919,,1,
M35,4651,Undirected,920,,1,
M35,4652,Undirected,921,,1,
M35,5339,Undirected,922,,1,
M35,133,Undirected,923,,1,
M35,4754,Undirected,924,,1,
M35,4613,Undirected,925,,1,
M35,5338,Undirected,926,,1,
M36,4549,Undirected,928,,1,
M36,4704,Undirected,929,,1,
M36,1301,Undirected,930,,1,
M36,3048,Undirected,931,,1,
M36,787,Undirected,932,,1,
M36,5809,Undirected,933,,1,
M36,4702,Undirected,934,,1,
M36,4536,Undirected,935,,1,
M36,4603,Undirected,936,,1,
M36,4697,Undirected,937,,1,
M36,3127,Undirected,938,,1,
M36,4746,Undirected,939,,1,
M36,4752,Undirected,940,,1,
M36,5339,Undirected,941,,1,
M36,133,Undirected,942,,1,
M36,4754,Undirected,943,,1,
M36,4567,Undirected,944,,1,
M36,4584,Undirected,945,,1,
M36,4535,Undirected,946,,1,
M36,4543,Undirected,947,,1,
M36,4545,Undirected,948,,1,
M36,5554,Undirected,949,,1,
M36,74,Undirected,950,,1,
M36,82,Undirected,951,,1,
M36,85,Undirected,952,,1,
M36,84,Undirected,953,,2,
M36,83,Undirected,955,,1,
M36,2950,Undirected,956,,1,
M36,4534,Undirected,957,,1,
M36,4647,Undirected,958,,1,
M36,4749,Undirected,959,,1,
M36,4745,Undirected,960,,1,
M36,4763,Undirected,961,,1,
M36,4658,Undirected,962,,1,
M36,4688,Undirected,963,,1,
M36,4707,Undirected,964,,1,
M36,4574,Undirected,965,,1,
M36,4620,Undirected,966,,1,
M36,4576,Undirected,967,,1,
M36,3410,Undirected,968,,1,
M36,4659,Undirected,969,,1,
M36,4703,Undirected,970,,1,
M36,4547,Undirected,971,,1,
M36,5338,Undirected,973,,1,
M36,4719,Undirected,974,,1,
M36,4732,Undirected,975,,1,
M36,4731,Undirected,976,,1,
M36,5451,Undirected,977,,1,
M36,4623,Undirected,978,,1,
M36,4582,Undirected,979,,1,
M36,4675,Undirected,980,,1,
M36,1184,Undirected,981,,1,
M36,4758,Undirected,982,,1,
M36,4753,Undirected,983,,1,
M36,333,Undirected,984,,1,
M36,362,Undirected,985,,1,
M36,4661,Undirected,986,,1,
M36,4699,Undirected,987,,1,
M36,4587,Undirected,988,,1,
M36,4588,Undirected,989,,1,
M36,4577,Undirected,990,,1,
M36,4656,Undirected,991,,1,
M36,4540,Undirected,992,,1,
M36,4737,Undirected,993,,1,
M36,4663,Undirected,994,,1,
M36,4767,Undirected,995,,1,
M36,4537,Undirected,996,,1,
M36,4762,Undirected,997,,1,
M36,4634,Undirected,998,,1,
M36,1507,Undirected,999,,1,
M36,4768,Undirected,1000,,1,
M36,2978,Undirected,1001,,1,
M36,4373,Undirected,1002,,1,
M37,4707,Undirected,1009,,1,
M37,4702,Undirected,1011,,1,
M38,4732,Undirected,1017,,1,
M38,4731,Undirected,1018,,1,
M38,5451,Undirected,1019,,1,
M38,4623,Undirected,1020,,1,
M38,4660,Undirected,1021,,1,
M38,4597,Undirected,1022,,1,
M38,4595,Undirected,1023,,1,
M38,4582,Undirected,1024,,1,
M38,4675,Undirected,1025,,1,
M38,1184,Undirected,1026,,1,
M38,4758,Undirected,1027,,1,
M38,4753,Undirected,1028,,1,
M38,333,Undirected,1029,,1,
M38,362,Undirected,1030,,1,
M38,4592,Undirected,1031,,1,
M38,4699,Undirected,1032,,1,
M38,4569,Undirected,1033,,1,
M38,4587,Undirected,1034,,1,
M38,4588,Undirected,1035,,1,
M38,4572,Undirected,1036,,1,
M38,4577,Undirected,1037,,1,
M38,4656,Undirected,1038,,1,
M38,4540,Undirected,1039,,1,
M38,4737,Undirected,1040,,1,
M38,4663,Undirected,1041,,1,
M38,4767,Undirected,1042,,1,
M38,6380,Undirected,1043,,1,
M38,376,Undirected,1044,,1,
M38,6690,Undirected,1045,,1,
M38,4762,Undirected,1046,,1,
M38,4634,Undirected,1047,,1,
M38,6687,Undirected,1048,,1,
M38,4768,Undirected,1049,,1,
M38,4586,Undirected,1050,,1,
M38,4598.5,Undirected,1051,,1,
M38,4992,Undirected,1052,,1,
M38,4750,Undirected,1053,,1,
M38,6345,Undirected,1054,,1,
M39,4732,Undirected,1055,,1,
M39,4731,Undirected,1056,,1,
M39,5451,Undirected,1057,,1,
M39,1507,Undirected,1058,,1,
M40,4537,Undirected,1059,,1,
M41,6852,Undirected,1061,,1,
M41,6086,Undirected,1062,,1,
M41,4614,Undirected,1063,,1,
M41,4652,Undirected,1064,,1,
M41,4571,Undirected,1065,,1,
M42,1301,Undirected,1067,,1,
M42,3048,Undirected,1068,,1,
M42,5334,Undirected,1069,,1,
M42,5261,Undirected,1070,,1,
M42,3127,Undirected,1071,,1,
M42,6345,Undirected,1072,,1,
M42,6690,Undirected,1074,,1,
M42,376,Undirected,1075,,1,
M42,6380,Undirected,1076,,1,
M42,1767,Undirected,1077,,1,
M42,3721,Undirected,1078,,1,
M42,6852,Undirected,1079,,1,
M42,6086,Undirected,1080,,1,
M42,4614,Undirected,1081,,1,
M42,4773,Undirected,1082,,1,
M42,4594,Undirected,1083,,1,
M42,4532,Undirected,1084,,1,
M42,4772,Undirected,1085,,1,
M42,4745,Undirected,1086,,1,
M42,4651,Undirected,1087,,1,
M42,4652,Undirected,1088,,1,
M42,4570,Undirected,1089,,1,
M42,4565,Undirected,1090,,1,
M42,4530,Undirected,1091,,1,
M42,4653,Undirected,1092,,1,
M42,4728,Undirected,1093,,1,
M42,4740,Undirected,1094,,1,
M42,4573,Undirected,1095,,1,
M42,4609,Undirected,1096,,1,
M42,4742,Undirected,1097,,1,
M42,4590,Undirected,1098,,1,
M42,4579,Undirected,1099,,1,
M42,4560,Undirected,1100,,1,
M42,4702,Undirected,1101,,1,
M42,4603,Undirected,1102,,1,
M42,4697,Undirected,1103,,1,
M42,4752,Undirected,1104,,1,
M42,5339,Undirected,1105,,1,
M42,133,Undirected,1106,,1,
M42,4754,Undirected,1107,,1,
M42,4613,Undirected,1108,,1,
M42,4634,Undirected,1109,,1,
M42,4567,Undirected,1110,,1,
M42,4584,Undirected,1111,,1,
M42,4545,Undirected,1112,,1,
M42,4534,Undirected,1113,,1,
M42,4749,Undirected,1114,,1,
M42,4657,Undirected,1115,,1,
M42,4688,Undirected,1116,,1,
M42,4928,Undirected,1117,,1,
M42,4620,Undirected,1118,,1,
M42,4576,Undirected,1119,,1,
M42,4528,Undirected,1120,,1,
M42,4583,Undirected,1121,,1,
M42,4659,Undirected,1122,,1,
M42,4615,Undirected,1123,,1,
M42,4547,Undirected,1124,,1,
M42,5338,Undirected,1125,,1,
M42,4719,Undirected,1126,,1,
M42,4732,Undirected,1127,,1,
M42,4731,Undirected,1128,,1,
M42,4623,Undirected,1129,,1,
M42,4660,Undirected,1130,,1,
M42,4597,Undirected,1131,,1,
M42,4595,Undirected,1132,,1,
M42,4582,Undirected,1133,,1,
M42,4675,Undirected,1134,,1,
M42,4758,Undirected,1135,,1,
M42,4753,Undirected,1136,,1,
M42,333,Undirected,1137,,1,
M42,4258,Undirected,1138,,1,
M42,4661,Undirected,1139,,1,
M42,4699,Undirected,1140,,1,
M42,4569,Undirected,1141,,1,
M42,4587,Undirected,1142,,1,
M42,4588,Undirected,1143,,1,
M42,4572,Undirected,1144,,1,
M42,4577,Undirected,1145,,1,
M42,4656,Undirected,1146,,1,
M42,4540,Undirected,1147,,1,
M42,4737,Undirected,1148,,1,
M42,4663,Undirected,1149,,1,
M42,4767,Undirected,1150,,1,
M42,4762,Undirected,1151,,1,
M42,6687,Undirected,1152,,1,
M42,4764,Undirected,1153,,1,
M42,4592,Undirected,1154,,1,
M43,4547,Undirected,1232,,1,
M43,4602,Undirected,1248,,1,
M44,6380,Undirected,1249,,1,
M44,6852,Undirected,1250,,1,
M44,6086,Undirected,1251,,1,
M44,4614,Undirected,1252,,1,
M44,4773,Undirected,1253,,1,
M44,4593,Undirected,1254,,1,
M44,4532,Undirected,1255,,1,
M44,4772,Undirected,1256,,1,
M44,4651,Undirected,1257,,1,
M44,4652,Undirected,1258,,1,
M44,4571,Undirected,1259,,1,
M44,4565,Undirected,1260,,1,
M44,4530,Undirected,1261,,1,
M44,4756,Undirected,1262,,1,
M44,4771,Undirected,1263,,1,
M44,4653,Undirected,1264,,1,
M44,4728,Undirected,1265,,1,
M44,4609,Undirected,1266,,1,
M44,4662,Undirected,1267,,1,
M44,4590,Undirected,1268,,1,
M44,4579,Undirected,1269,,1,
M44,4549,Undirected,1270,,1,
M44,4704,Undirected,1272,,1,
M44,1301,Undirected,1273,,1,
M44,3048,Undirected,1274,,1,
M44,787,Undirected,1275,,1,
M44,5334,Undirected,1276,,1,
M44,4603,Undirected,1277,,1,
M44,4697,Undirected,1278,,1,
M44,3127,Undirected,1279,,1,
M44,4752,Undirected,1280,,1,
M44,5339,Undirected,1281,,1,
M44,82,Undirected,1282,,1,
M44,5338,Undirected,1283,,1,
M44,4584,Undirected,1284,,1,
M44,4535,Undirected,1285,,1,
M44,4543,Undirected,1286,,1,
M44,4545,Undirected,1287,,1,
M44,4534,Undirected,1288,,1,
M44,4647,Undirected,1289,,1,
M44,4749,Undirected,1290,,1,
M44,4745,Undirected,1291,,1,
M44,4763,Undirected,1292,,1,
M44,4658,Undirected,1293,,1,
M44,4688,Undirected,1294,,1,
M44,4707,Undirected,1295,,1,
M44,4574,Undirected,1296,,1,
M44,4620,Undirected,1297,,1,
M44,4576,Undirected,1298,,1,
M44,4659,Undirected,1299,,1,
M44,4547,Undirected,1301,,1,
M44,4605,Undirected,1302,,1,
M44,4719,Undirected,1303,,1,
M44,4732,Undirected,1304,,1,
M44,5451,Undirected,1305,,1,
M44,4623,Undirected,1306,,1,
M44,4595,Undirected,1307,,1,
M44,4582,Undirected,1308,,1,
M44,4675,Undirected,1309,,1,
M44,1184,Undirected,1310,,1,
M44,4758,Undirected,1311,,1,
M44,4753,Undirected,1312,,1,
M44,333,Undirected,1313,,1,
M44,362,Undirected,1314,,1,
M44,4592,Undirected,1315,,1,
M44,4699,Undirected,1316,,1,
M44,4569,Undirected,1317,,1,
M44,4587,Undirected,1318,,1,
M44,4588,Undirected,1319,,1,
M44,4572,Undirected,1320,,1,
M44,4577,Undirected,1321,,1,
M44,4656,Undirected,1322,,1,
M44,4540,Undirected,1323,,1,
M44,4737,Undirected,1324,,1,
M44,4663,Undirected,1325,,1,
M44,4767,Undirected,1326,,1,
M44,4762,Undirected,1327,,1,
M44,4634,Undirected,1328,,1,
M44,4742,Undirected,1329,,1,
M45,4571,Undirected,1330,,1,
M46,3721,Undirected,1331,,1,
M46,4762,Undirected,1332,,1,
M46,4634,Undirected,1333,,1,
M46,1507,Undirected,1334,,1,
M46,4768,Undirected,1335,,1,
M46,6852,Undirected,1336,,1,
M46,4614,Undirected,1337,,1,
M46,6086,Undirected,1338,,1,
M46,4773,Undirected,1339,,1,
M46,4532,Undirected,1340,,1,
M46,4772,Undirected,1341,,1,
M46,4651,Undirected,1342,,1,
M46,4652,Undirected,1343,,1,
M46,4571,Undirected,1344,,1,
M46,4565,Undirected,1345,,1,
M46,4530,Undirected,1346,,1,
M46,4771,Undirected,1347,,1,
M46,4653,Undirected,1348,,1,
M46,4728,Undirected,1349,,1,
M46,4740,Undirected,1350,,1,
M46,4573,Undirected,1351,,1,
M46,4609,Undirected,1352,,1,
M46,4742,Undirected,1353,,1,
M46,4579,Undirected,1354,,1,
M46,4549,Undirected,1355,,1,
M46,1301,Undirected,1357,,1,
M46,3048,Undirected,1358,,1,
M46,4704,Undirected,1359,,1,
M46,787,Undirected,1360,,1,
M46,6853,Undirected,1361,,1,
M46,4702,Undirected,1362,,1,
M46,4536,Undirected,1363,,1,
M46,4603,Undirected,1364,,1,
M46,4697,Undirected,1365,,1,
M46,3127,Undirected,1366,,1,
M46,4752,Undirected,1367,,1,
M46,5339,Undirected,1368,,1,
M46,4567,Undirected,1369,,1,
M46,4584,Undirected,1370,,1,
M46,4543,Undirected,1371,,1,
M47,1507,Undirected,1373,,1,
M47,6380,Undirected,1374,,1,
M47,4373,Undirected,1375,,1,
M47,2978,Undirected,1376,,1,
M47,4634,Undirected,1377,,1,
M47,6345,Undirected,1378,,1,
M48,4773,Undirected,1379,,1,
M48,4593,Undirected,1380,,1,
M48,4532,Undirected,1381,,1,
M48,4772,Undirected,1382,,1,
M48,4651,Undirected,1383,,1,
M48,4652,Undirected,1384,,1,
M48,4571,Undirected,1385,,1,
M48,4565,Undirected,1386,,1,
M48,4530,Undirected,1387,,1,
M48,4756,Undirected,1388,,1,
M48,4771,Undirected,1389,,1,
M48,4653,Undirected,1390,,1,
M48,4728,Undirected,1391,,1,
M48,4740,Undirected,1392,,1,
M48,4573,Undirected,1393,,1,
M48,4609,Undirected,1394,,1,
M48,4742,Undirected,1395,,1,
M48,4590,Undirected,1396,,1,
M48,4579,Undirected,1397,,1,
M48,4549,Undirected,1398,,1,
M48,1301,Undirected,1399,,1,
M48,4704,Undirected,1400,,1,
M48,3048,Undirected,1401,,1,
M48,5334,Undirected,1402,,1,
M48,4702,Undirected,1403,,1,
M48,4536,Undirected,1404,,1,
M48,4603,Undirected,1405,,1,
M48,4697,Undirected,1406,,1,
M48,3127,Undirected,1407,,1,
M48,4746,Undirected,1408,,1,
M48,4752,Undirected,1409,,1,
M48,5339,Undirected,1410,,1,
M48,133,Undirected,1411,,1,
M48,5338,Undirected,1412,,1,
M48,4754,Undirected,1413,,1,
M48,4567,Undirected,1414,,1,
M48,4584,Undirected,1415,,1,
M48,4535,Undirected,1416,,1,
M48,4543,Undirected,1417,,1,
M48,4545,Undirected,1418,,1,
M48,4647,Undirected,1419,,1,
M48,4749,Undirected,1420,,1,
M48,4745,Undirected,1421,,1,
M48,4763,Undirected,1422,,1,
M48,4658,Undirected,1423,,1,
M48,4688,Undirected,1424,,1,
M48,4707,Undirected,1425,,1,
M48,4574,Undirected,1426,,1,
M48,4620,Undirected,1427,,1,
M48,4576,Undirected,1428,,1,
M48,4816,Undirected,1429,,1,
M48,4659,Undirected,1430,,1,
M48,4615,Undirected,1431,,1,
M48,4703,Undirected,1432,,1,
M48,4547,Undirected,1433,,1,
M48,4605,Undirected,1434,,1,
M48,4719,Undirected,1435,,1,
M48,4655,Undirected,1436,,1,
M48,4732,Undirected,1437,,1,
M48,4623,Undirected,1438,,1,
M48,4660,Undirected,1439,,1,
M48,4597,Undirected,1440,,1,
M48,4595,Undirected,1441,,1,
M48,4582,Undirected,1442,,1,
M48,4731,Undirected,1443,,1,
M48,4675,Undirected,1444,,1,
M48,4598,Undirected,1445,,1,
M48,1184,Undirected,1446,,1,
M48,4758,Undirected,1447,,1,
M48,4753,Undirected,1448,,1,
M48,4534,Undirected,1449,,1,
M48,333,Undirected,1450,,1,
M48,362,Undirected,1451,,1,
M48,4592,Undirected,1452,,1,
M48,4661,Undirected,1453,,1,
M48,4699,Undirected,1454,,1,
M48,4569,Undirected,1455,,1,
M48,4587,Undirected,1456,,1,
M48,4588,Undirected,1457,,1,
M48,4572,Undirected,1458,,1,
M48,4577,Undirected,1459,,1,
M48,4656,Undirected,1460,,1,
M48,4540,Undirected,1461,,1,
M48,4737,Undirected,1462,,1,
M48,4178,Undirected,1463,,2,
M48,4663,Undirected,1465,,1,
M48,4767,Undirected,1466,,1,
M48,4537,Undirected,1467,,1,
M48,4762,Undirected,1468,,1,
M48,4634,Undirected,1469,,1,
M48,4741,Undirected,1470,,1,
M48,1507,Undirected,1471,,1,
M48,4768,Undirected,1472,,1,
M48,4589,Undirected,1473,,1,
M49,4656,Undirected,1474,,1,
M49,4567,Undirected,1475,,1,
M49,4742,Undirected,1476,,1,
M49,4574,Undirected,1477,,1,
M49,4741,Undirected,1478,,1,
M49,6852,Undirected,1479,,1,
M49,938,Undirected,1480,,1,
M49,463,Undirected,1481,,1,
M49,787,Undirected,1482,,1,
M49,5334,Undirected,1483,,2,
M49,5809,Undirected,1484,,1,
M49,1507,Undirected,1485,,1,
M49,4732,Undirected,1486,,1,
M49,4731,Undirected,1487,,1,
M49,333,Undirected,1488,,1,
M49,362,Undirected,1489,,1,
M49,4565,Undirected,1490,,1,
M49,4773,Undirected,1491,,1,
M49,4740,Undirected,1492,,1,
M49,4590,Undirected,1493,,1,
M49,4536,Undirected,1494,,1,
M49,4584,Undirected,1495,,1,
M49,4535,Undirected,1496,,2,
M49,4543,Undirected,1497,,1,
M49,4658,Undirected,1498,,1,
M49,4763,Undirected,1499,,2,
M49,4661,Undirected,1500,,1,
M49,4699,Undirected,1501,,1,
M49,4587,Undirected,1502,,1,
M49,4588,Undirected,1503,,1,
M49,4577,Undirected,1504,,1,
M49,4618,Undirected,1505,,1,
M49,4540,Undirected,1506,,1,
M49,4737,Undirected,1507,,1,
M49,4576,Undirected,1508,,1,
M49,4816,Undirected,1509,,1,
M49,4752,Undirected,1510,,1,
M49,4745,Undirected,1511,,1,
M49,4652,Undirected,1512,,1,
M49,4571,Undirected,1513,,1,
M49,4532,Undirected,1514,,1,
M49,4614,Undirected,1515,,1,
M49,4593,Undirected,1516,,1,
M49,4772,Undirected,1517,,1,
M49,4579,Undirected,1518,,1,
M49,4549,Undirected,1519,,1,
M49,1301,Undirected,1520,,1,
M49,4704,Undirected,1521,,1,
M49,3048,Undirected,1522,,1,
M49,4702,Undirected,1524,,1,
M49,4603,Undirected,1525,,1,
M49,4697,Undirected,1526,,1,
M49,3127,Undirected,1527,,1,
M49,4746,Undirected,1528,,1,
M49,5339,Undirected,1529,,1,
M49,133,Undirected,1530,,1,
M49,5338,Undirected,1531,,2,
M49,4609,Undirected,1533,,1,
M49,4651,Undirected,1534,,1,
M49,4659,Undirected,1535,,1,
M49,4615,Undirected,1536,,1,
M49,4703,Undirected,1537,,1,
M49,4547,Undirected,1538,,1,
M49,4605,Undirected,1539,,1,
M49,4655,Undirected,1540,,1,
M49,4611,Undirected,1541,,1,
M49,4592,Undirected,1542,,1,
M49,4583,Undirected,1543,,1,
M49,4728,Undirected,1544,,2,
M49,5329,Undirected,1545,,1,
M49,5517,Undirected,1547,,1,
M49,2328,Undirected,1548,,1,
M49,4582,Undirected,1549,,1,
M49,236,Undirected,1550,,1,
M49,2608,Undirected,1551,,1,
M49,6698,Undirected,1552,,1,
M49,4675,Undirected,1553,,1,
M49,1500,Undirected,1554,,1,
M49,4385,Undirected,1555,,1,
M49,1184,Undirected,1556,,1,
M49,3574,Undirected,1557,,1,
M49,1209,Undirected,1558,,1,
M49,4758,Undirected,1559,,1,
M49,4596,Undirected,1560,,1,
M49,6146,Undirected,1561,,1,
M49,2580,Undirected,1564,,1,
M49,4647,Undirected,1565,,1,
M49,2954,Undirected,1566,,1,
M49,5728,Undirected,1567,,1,
M49,3408,Undirected,1568,,1,
M49,4749,Undirected,1569,,1,
M49,4534,Undirected,1571,,1,
M49,2437,Undirected,1572,,1,
M49,4257,Undirected,1573,,1,
M49,555,Undirected,1574,,1,
M49,2965,Undirected,1575,,1,
M49,5333,Undirected,1576,,1,
M49,4541,Undirected,1577,,1,
M49,5010,Undirected,1578,,1,
M49,1499,Undirected,1579,,1,
M49,4533,Undirected,1580,,1,
M49,4616,Undirected,1581,,1,
M49,3463,Undirected,1582,,1,
M49,4580,Undirected,1583,,1,
M49,147,Undirected,1584,,1,
M49,5336,Undirected,1585,,1,
M49,1305,Undirected,1586,,1,
M49,6085,Undirected,1587,,1,
M49,4526,Undirected,1588,,1,
M49,4604,Undirected,1589,,1,
M49,226,Undirected,1590,,1,
M49,3410,Undirected,1591,,1,
M49,6690,Undirected,1592,,1,
M49,4663,Undirected,1593,,1,
M49,4767,Undirected,1594,,1,
M49,4537,Undirected,1595,,2,
M49,6380,Undirected,1596,,1,
M49,4762,Undirected,1598,,1,
M49,4634,Undirected,1599,,1,
M49,4219,Undirected,1600,,1,
M49,4707,Undirected,1601,,1,
M49,4561,Undirected,1602,,1,
M49,4660,Undirected,1603,,1,
M49,4178,Undirected,1604,,1,
M49,4589,Undirected,1605,,1,
M49,4591,Undirected,1606,,1,
M49,4598,Undirected,1607,,1,
M49,4585,Undirected,1608,,1,
M49,4753,Undirected,1609,,1,
M49,4754,Undirected,1610,,1,
M49,4569,Undirected,1611,,1,
M49,4572,Undirected,1612,,1,
M49,4733,Undirected,1613,,1,
M49,4545,Undirected,1614,,1,
M49,4750,Undirected,1615,,1,
M49,4566,Undirected,1616,,1,
M50,5451,Undirected,1617,,1,
M51,6345,Undirected,1618,,1,
M51,376,Undirected,1619,,1,
M51,6690,Undirected,1620,,1,
M51,3721,Undirected,1621,,1,
M51,6852,Undirected,1622,,1,
M51,6086,Undirected,1623,,1,
M51,4614,Undirected,1624,,1,
M51,4773,Undirected,1625,,1,
M51,4594,Undirected,1626,,1,
M51,4532,Undirected,1627,,1,
M51,4772,Undirected,1628,,1,
M51,4652,Undirected,1629,,1,
M51,4565,Undirected,1630,,1,
M51,4530,Undirected,1631,,1,
M51,4756,Undirected,1632,,1,
M51,4771,Undirected,1633,,1,
M51,4653,Undirected,1634,,1,
M51,4728,Undirected,1635,,1,
M51,4609,Undirected,1636,,1,
M51,4662,Undirected,1637,,1,
M51,4590,Undirected,1638,,1,
M51,4579,Undirected,1639,,1,
M51,4560,Undirected,1640,,1,
M51,4651,Undirected,1641,,1,
M51,4570,Undirected,1642,,1,
M51,4740,Undirected,1643,,1,
M51,4573,Undirected,1644,,1,
M51,4702,Undirected,1645,,1,
M51,4704,Undirected,1646,,1,
M51,1301,Undirected,1647,,1,
M51,3048,Undirected,1648,,1,
M51,5334,Undirected,1649,,1,
M51,3127,Undirected,1651,,1,
M51,787,Undirected,1652,,1,
M51,5809,Undirected,1653,,1,
M51,4536,Undirected,1654,,1,
M51,4603,Undirected,1655,,1,
M51,4697,Undirected,1656,,1,
M51,4746,Undirected,1657,,1,
M51,4752,Undirected,1658,,1,
M51,5339,Undirected,1659,,1,
M51,133,Undirected,1660,,1,
M51,4754,Undirected,1661,,1,
M51,5338,Undirected,1662,,1,
M51,4584,Undirected,1663,,1,
M51,4535,Undirected,1664,,1,
M51,4543,Undirected,1665,,1,
M51,4750,Undirected,1666,,1,
M51,4545,Undirected,1667,,1,
M51,4585,Undirected,1668,,1,
M51,4534,Undirected,1669,,1,
M51,4527,Undirected,1670,,1,
M51,4591,Undirected,1671,,1,
M51,4566,Undirected,1672,,1,
M51,4742,Undirected,1673,,1,
M51,4647,Undirected,1674,,1,
M51,4749,Undirected,1675,,1,
M51,4745,Undirected,1676,,1,
M51,4528,Undirected,1677,,1,
M51,4763,Undirected,1678,,1,
M51,4657,Undirected,1679,,1,
M51,4688,Undirected,1680,,1,
M51,4707,Undirected,1681,,1,
M51,4733,Undirected,1682,,1,
M51,4574,Undirected,1683,,1,
M51,4620,Undirected,1684,,1,
M51,4816,Undirected,1687,,1,
M51,4583,Undirected,1688,,1,
M51,4741,Undirected,1689,,1,
M51,4576,Undirected,1690,,1,
M51,4659,Undirected,1691,,1,
M51,4615,Undirected,1692,,1,
M51,4703,Undirected,1693,,1,
M51,4547,Undirected,1694,,1,
M51,4605,Undirected,1695,,1,
M51,4586,Undirected,1696,,1,
M51,4719,Undirected,1697,,1,
M51,4732,Undirected,1698,,1,
M51,4731,Undirected,1699,,1,
M51,4623,Undirected,1700,,1,
M51,4655,Undirected,1701,,1,
M51,4660,Undirected,1702,,1,
M51,4597,Undirected,1703,,1,
M51,4577,Undirected,1704,,1,
M51,4656,Undirected,1705,,1,
M51,4540,Undirected,1706,,1,
M51,4737,Undirected,1707,,1,
M51,4663,Undirected,1708,,1,
M51,3410,Undirected,1709,,1,
M51,4767,Undirected,1710,,1,
M51,4762,Undirected,1711,,1,
M51,4634,Undirected,1712,,1,
M51,6687,Undirected,1713,,1,
M51,1792,Undirected,1715,,1,
M51,699,Undirected,1717,,1,
M51,698,Undirected,1719,,1,
M51,4988,Undirected,1722,,1,
M51,5451,Undirected,1935,,1,
M51,2978,Undirected,1981,,1,
M51,4373,Undirected,1982,,1,
M52,1507,Undirected,2016,,1,
M52,4634,Undirected,2017,,1,
M52,4762,Undirected,2018,,1,
M53,4620,Undirected,2020,,1,
M53,4659,Undirected,2021,,1,
M53,4703,Undirected,2022,,1,
M53,4615,Undirected,2023,,1,
M54,4536,Undirected,2024,,1,
M54,4702,Undirected,2025,,1,
M55,4633,Undirected,2026,,1,
M55,5337,Undirected,2028,,1,
M55,4584,Undirected,2029,,2,
M55,4543,Undirected,2031,,1,
M55,4545,Undirected,2032,,1,
M55,4647,Undirected,2033,,1,
M55,4620,Undirected,2034,,1,
M55,4741,Undirected,2035,,1,
M55,4590,Undirected,2036,,1,
M55,4597,Undirected,2037,,1,
M55,4534,Undirected,2038,,1,
M55,4773,Undirected,2039,,1,
M55,4719,Undirected,2040,,1,
M55,4660,Undirected,2041,,1,
M55,4595,Undirected,2042,,1,
M55,1184,Undirected,2043,,1,
M55,4656,Undirected,2044,,1,
M55,4663,Undirected,2045,,1,
M55,6687,Undirected,2046,,1,
M55,4768,Undirected,2047,,1,
M55,392,Undirected,2048,,1,
M55,4594,Undirected,2049,,1,
M55,4532,Undirected,2050,,1,
M55,4772,Undirected,2051,,1,
M55,4745,Undirected,2052,,1,
M55,4570,Undirected,2053,,1,
M55,4530,Undirected,2054,,1,
M55,4756,Undirected,2055,,1,
M55,4742,Undirected,2056,,1,
M55,4567,Undirected,2057,,1,
M55,4737,Undirected,2058,,1,
M55,4651,Undirected,2059,,1,
M55,4652,Undirected,2060,,1,
M55,4702,Undirected,2061,,1,
M55,4576,Undirected,2062,,1,
M55,4583,Undirected,2063,,1,
M55,5554,Undirected,2064,,1,
M55,4603,Undirected,2065,,1,
M55,4588,Undirected,2066,,1,
M55,4732,Undirected,2067,,1,
M55,4731,Undirected,2068,,1,
M55,5451,Undirected,2069,,1,
M55,4577,Undirected,2070,,1,
M55,4659,Undirected,2071,,1,
M55,4658,Undirected,2072,,1,
M55,4609,Undirected,2073,,1,
M55,4579,Undirected,2074,,1,
M55,4697,Undirected,2075,,1,
M55,4752,Undirected,2076,,1,
M55,4547,Undirected,2077,,1,
M55,4767,Undirected,2078,,1,
M55,4728,Undirected,2079,,1,
M55,4764,Undirected,2080,,1,
M55,4592,Undirected,2081,,1,
M55,4634,Undirected,2082,,1,
M55,333,Undirected,2083,,1,
M55,362,Undirected,2084,,1,
M55,4587,Undirected,2085,,1,
M55,4699,Undirected,2086,,1,
M55,4661,Undirected,2087,,1,
M55,4928,Undirected,2088,,1,
M55,4615,Undirected,2089,,1,
M55,4565,Undirected,2095,,1,
M55,4572,Undirected,2096,,1,
M56,3721,Undirected,2104,,1,
M56,6852,Undirected,2105,,1,
M56,6086,Undirected,2106,,1,
M56,4773,Undirected,2107,,1,
M56,4593,Undirected,2108,,1,
M56,4651,Undirected,2109,,1,
M56,4772,Undirected,2110,,1,
M56,4652,Undirected,2111,,1,
M56,4571,Undirected,2112,,1,
M56,4614,Undirected,2113,,1,
M56,4565,Undirected,2114,,1,
M56,4530,Undirected,2115,,1,
M56,4756,Undirected,2116,,1,
M56,4771,Undirected,2117,,1,
M56,4653,Undirected,2118,,1,
M56,4728,Undirected,2119,,1,
M56,4740,Undirected,2120,,1,
M56,4573,Undirected,2121,,1,
M56,4609,Undirected,2122,,1,
M56,4662,Undirected,2123,,1,
M56,4742,Undirected,2124,,1,
M56,4590,Undirected,2125,,1,
M56,4579,Undirected,2126,,1,
M56,4549,Undirected,2127,,1,
M56,4704,Undirected,2128,,1,
M56,1301,Undirected,2129,,1,
M56,3048,Undirected,2130,,1,
M56,5334,Undirected,2131,,1,
M56,5809,Undirected,2132,,1,
M56,2978,Undirected,2133,,1,
M56,4373,Undirected,2134,,1,
M56,4702,Undirected,2135,,1,
M56,4536,Undirected,2136,,1,
M56,4603,Undirected,2137,,1,
M56,4697,Undirected,2138,,1,
M56,3127,Undirected,2139,,1,
M56,4746,Undirected,2140,,1,
M56,4752,Undirected,2141,,1,
M56,5339,Undirected,2142,,1,
M56,133,Undirected,2143,,1,
M56,4754,Undirected,2144,,1,
M56,4567,Undirected,2145,,1,
M56,4584,Undirected,2146,,1,
M56,4535,Undirected,2147,,1,
M56,4543,Undirected,2148,,1,
M56,4545,Undirected,2149,,1,
M56,5554,Undirected,2150,,1,
M56,74,Undirected,2151,,1,
M56,82,Undirected,2152,,1,
M56,85,Undirected,2153,,1,
M56,84,Undirected,2154,,1,
M56,83,Undirected,2155,,1,
M56,4534,Undirected,2156,,1,
M56,2950,Undirected,2157,,1,
M56,4647,Undirected,2158,,1,
M56,4749,Undirected,2159,,1,
M56,6687,Undirected,2160,,1,
M56,4599,Undirected,2161,,1,
M56,4745,Undirected,2162,,1,
M56,4763,Undirected,2163,,1,
M56,4658,Undirected,2164,,1,
M56,4688,Undirected,2165,,1,
M56,4707,Undirected,2166,,1,
M56,4574,Undirected,2167,,1,
M56,4620,Undirected,2168,,1,
M56,4576,Undirected,2169,,1,
M56,3410,Undirected,2170,,1,
M56,4741,Undirected,2171,,1,
M56,4659,Undirected,2172,,1,
M56,4703,Undirected,2173,,1,
M56,4547,Undirected,2174,,1,
M56,4605,Undirected,2175,,1,
M56,5338,Undirected,2176,,1,
M56,4719,Undirected,2177,,1,
M56,4732,Undirected,2178,,1,
M56,4731,Undirected,2179,,1,
M56,5451,Undirected,2180,,1,
M56,4623,Undirected,2181,,1,
M56,4582,Undirected,2182,,1,
M56,4675,Undirected,2183,,1,
M56,1184,Undirected,2184,,1,
M56,4758,Undirected,2185,,1,
M56,4753,Undirected,2186,,1,
M56,333,Undirected,2187,,1,
M56,362,Undirected,2188,,1,
M56,4661,Undirected,2189,,1,
M56,4699,Undirected,2190,,1,
M56,4587,Undirected,2191,,2,
M56,4588,Undirected,2192,,1,
M56,4577,Undirected,2193,,1,
M56,4656,Undirected,2194,,1,
M56,4540,Undirected,2197,,1,
M56,4561,Undirected,2198,,1,
M56,4737,Undirected,2199,,1,
M56,4663,Undirected,2201,,1,
M56,4767,Undirected,2202,,1,
M56,4537,Undirected,2203,,1,
M56,4762,Undirected,2204,,1,
M56,4634,Undirected,2206,,1,
M56,4768,Undirected,2207,,1,
M57,6345,Undirected,2214,,1,
M57,4178,Undirected,2216,,1,
M58,5451,Undirected,2222,,1,
M59,6377,Undirected,2224,,1,
M59,4577,Undirected,2225,,1,
M59,4584,Undirected,2227,,1,
M59,4758,Undirected,2228,,1,
M59,4592,Undirected,2229,,1,
M59,376,Undirected,2230,,1,
M59,6380,Undirected,2231,,1,
M59,6852,Undirected,2232,,1,
M59,6086,Undirected,2233,,1,
M59,1435,Undirected,2234,,1,
M59,4768,Undirected,2235,,2,
M59,4737,Undirected,2236,,1,
M59,4620,Undirected,2237,,1,
M59,4656,Undirected,2238,,1,
M59,362,Undirected,2240,,1,
M59,4762,Undirected,2242,,1,
M59,4634,Undirected,2243,,2,
M59,4603,Undirected,2245,,1,
M59,4609,Undirected,2246,,1,
M59,4688,Undirected,2247,,1,
M60,3721,Undirected,2248,,1,
M60,6852,Undirected,2249,,1,
M60,4614,Undirected,2250,,1,
M60,6086,Undirected,2251,,1,
M60,4773,Undirected,2252,,1,
M60,4593,Undirected,2253,,1,
M60,4532,Undirected,2254,,1,
M60,4772,Undirected,2255,,1,
M60,4651,Undirected,2256,,1,
M60,4652,Undirected,2257,,1,
M60,4571,Undirected,2258,,1,
M60,4565,Undirected,2259,,1,
M60,4530,Undirected,2260,,1,
M60,4756,Undirected,2261,,1,
M60,4771,Undirected,2262,,1,
M60,4653,Undirected,2263,,1,
M60,4728,Undirected,2264,,1,
M60,4740,Undirected,2265,,1,
M60,4573,Undirected,2266,,1,
M60,4609,Undirected,2267,,1,
M60,4662,Undirected,2268,,1,
M60,4742,Undirected,2269,,1,
M60,4590,Undirected,2270,,1,
M60,4579,Undirected,2271,,1,
M60,4549,Undirected,2272,,1,
M60,1301,Undirected,2273,,1,
M60,3048,Undirected,2274,,1,
M60,4704,Undirected,2275,,1,
M60,787,Undirected,2276,,1,
M60,5334,Undirected,2277,,1,
M60,5809,Undirected,2278,,1,
M60,3127,Undirected,2279,,1,
M60,2978,Undirected,2280,,1,
M60,4373,Undirected,2281,,1,
M60,4702,Undirected,2282,,1,
M60,4536,Undirected,2283,,1,
M60,4603,Undirected,2284,,1,
M60,4697,Undirected,2285,,1,
M60,4746,Undirected,2286,,1,
M60,4752,Undirected,2287,,1,
M60,5339,Undirected,2288,,1,
M60,133,Undirected,2289,,1,
M60,4754,Undirected,2290,,1,
M60,4567,Undirected,2291,,1,
M60,4584,Undirected,2292,,1,
M60,4535,Undirected,2293,,1,
M60,4543,Undirected,2294,,1,
M61,4688,Undirected,2297,,1,
M62,463,Undirected,2320,,1,
M62,3721,Undirected,2321,,1,
M62,4614,Undirected,2322,,1,
M62,6086,Undirected,2323,,1,
M62,4773,Undirected,2324,,1,
M62,4593,Undirected,2325,,1,
M62,4532,Undirected,2326,,1,
M62,238,Undirected,2327,,1,
M62,4772,Undirected,2328,,1,
M62,4651,Undirected,2329,,1,
M62,4652,Undirected,2330,,1,
M62,4571,Undirected,2331,,1,
M62,4565,Undirected,2332,,1,
M62,4530,Undirected,2333,,1,
M62,4756,Undirected,2334,,1,
M62,4771,Undirected,2335,,1,
M62,4653,Undirected,2336,,1,
M62,4728,Undirected,2337,,1,
M62,4740,Undirected,2338,,1,
M62,4573,Undirected,2339,,1,
M62,4609,Undirected,2340,,1,
M62,4662,Undirected,2341,,1,
M62,4742,Undirected,2342,,1,
M62,6852,Undirected,2343,,1,
M62,4590,Undirected,2344,,1,
M62,4579,Undirected,2345,,1,
M62,4549,Undirected,2346,,1,
M63,4590,Undirected,2347,,1,
M63,4579,Undirected,2348,,1,
M63,4549,Undirected,2349,,1,
M63,4704,Undirected,2350,,1,
M63,1301,Undirected,2351,,1,
M63,3048,Undirected,2352,,1,
M63,787,Undirected,2353,,1,
M63,5809,Undirected,2354,,1,
M63,2978,Undirected,2355,,1,
M63,4373,Undirected,2356,,1,
M63,4702,Undirected,2357,,1,
M63,4536,Undirected,2358,,1,
M63,4603,Undirected,2359,,1,
M63,4697,Undirected,2360,,1,
M63,3127,Undirected,2361,,1,
M63,4746,Undirected,2362,,1,
M63,4752,Undirected,2363,,1,
M63,5339,Undirected,2364,,1,
M63,133,Undirected,2365,,1,
M63,4754,Undirected,2366,,1,
M63,4567,Undirected,2367,,1,
M63,4584,Undirected,2368,,1,
M63,4535,Undirected,2369,,1,
M63,4543,Undirected,2370,,1,
M63,4545,Undirected,2371,,1,
M63,5554,Undirected,2372,,1,
M63,74,Undirected,2373,,1,
M63,82,Undirected,2374,,1,
M63,85,Undirected,2375,,1,
M63,84,Undirected,2376,,1,
M63,83,Undirected,2377,,1,
M63,4534,Undirected,2378,,1,
M63,2950,Undirected,2379,,1,
M63,4647,Undirected,2380,,1,
M63,4749,Undirected,2381,,1,
M63,4745,Undirected,2382,,1,
M63,4763,Undirected,2383,,1,
M63,4658,Undirected,2384,,1,
M63,4688,Undirected,2385,,1,
M63,4707,Undirected,2387,,1,
M63,4574,Undirected,2388,,1,
M63,4620,Undirected,2389,,1,
M63,4576,Undirected,2390,,1,
M63,3410,Undirected,2391,,1,
M63,4741,Undirected,2392,,1,
M63,4659,Undirected,2393,,1,
M63,4703,Undirected,2394,,1,
M63,4547,Undirected,2395,,1,
M63,4605,Undirected,2396,,1,
M63,5338,Undirected,2397,,1,
M63,4719,Undirected,2398,,1,
M63,5451,Undirected,2399,,1,
M63,4732,Undirected,2400,,1,
M63,4731,Undirected,2401,,1,
M63,4623,Undirected,2402,,1,
M63,4582,Undirected,2403,,1,
M63,4675,Undirected,2404,,1,
M63,1184,Undirected,2405,,1,
M63,4758,Undirected,2406,,1,
M63,4753,Undirected,2407,,1,
M63,333,Undirected,2408,,1,
M63,362,Undirected,2409,,1,
M63,4661,Undirected,2410,,1,
M63,4699,Undirected,2411,,1,
M63,4588,Undirected,2412,,1,
M63,4577,Undirected,2413,,1,
M63,4656,Undirected,2414,,1,
M63,4540,Undirected,2415,,1,
M63,4561,Undirected,2416,,1,
M63,4737,Undirected,2417,,1,
M63,4663,Undirected,2418,,1,
M63,4767,Undirected,2419,,1,
M64,5451,Undirected,2424,,1,
M65,6345,Undirected,2437,,1,
M65,4373,Undirected,2438,,1,
M65,2978,Undirected,2439,,1,
M65,4740,Undirected,2440,,1,
M65,4590,Undirected,2441,,1,
M65,4579,Undirected,2442,,1,
M65,4702,Undirected,2443,,1,
M65,4609,Undirected,2444,,1,
M65,4752,Undirected,2445,,1,
M65,1301,Undirected,2446,,1,
M65,3048,Undirected,2447,,1,
M65,5334,Undirected,2448,,1,
M65,3127,Undirected,2449,,1,
M65,4749,Undirected,2450,,1,
M65,4745,Undirected,2451,,1,
M65,4728,Undirected,2452,,1,
M65,5337,Undirected,2453,,1,
M65,4754,Undirected,2454,,1,
M65,5338,Undirected,2455,,1,
M65,6852,Undirected,2456,,1,
M65,6086,Undirected,2457,,1,
M65,4593,Undirected,2458,,1,
M65,4532,Undirected,2459,,1,
M65,238,Undirected,2460,,1,
M66,4567,Undirected,2463,,1,
M77,5451,Undirected,2470,,1,
M70,4536,Undirected,2471,,1,
M70,4702,Undirected,2472,,1,
M71,6687,Undirected,2473,,1,
M67,4373,Undirected,2474,,1,
M67,4702,Undirected,2475,,1,
M67,4536,Undirected,2476,,1,
M76,5451,Undirected,2477,,1,
